469250,"Масло подсолнечное Altero Golden с добавлением оливкового, 810мл",/products/art-469250,139,158
210065,"Масло оливковое De Cecco Extra virgin 100%, 1л",/products/olivkovoe-de-cecco-extra-virgin-100-1-l-210065,1 704,1 929
146992,"Масло подсолнечное Олейна рафинированное, 1л",/products/podsolnechnoe-olejna-1l-146992,139,
348864,"Масло оливковое Monini фильтрованное, 1л",/products/olivkovoe-monini-filtrovannoe-1-l,1 619,2 059
300271,"Масло подсолнечное Слобода рафинированное дезодорированное, 1.8л",/products/podsolnechnoe-sloboda-rafinirovannoe-18l,279,
464863,"Масло оливковое De Cecco Extra Vergine Classico нерафинированное, 500мл",/products/olivkovoe-de-cecco-nerafinirovannoe-05-l,859,1 029
348865,"Масло оливковое Monini Extra Vergine Classico, 1л",/products/olivkovoe-monini-extra-vergine-classico-1l,1 799,2 299
458967,"Масло оливковое Filippo Berio рафинированное c добавлением нерафинированного, 1л",/products/olivkovoe-filippo-berio-1l,1 615,1 929
458966,"Масло оливковое Filippo Berio Extra Virgin, 1л",/products/olivkovoe-filippo-berio-extra-virgin-1l,1 779,2 049
563107,Масло фритюрное Sunny Gold 5л,/products/frityurnoe-sunny-gold-5l,949,
132233,"Масло подсолнечное Pechagin Professional для фритюра и жарки, 10л",/products/maslo-podsolnechnoe-pechagin-prof-dlya-frityura-zharki-10l,1 629,
132234,"Масло подсолнечное Pechagin Professional для фритюра и жарки, 5л",/products/maslo-podsolnechnoe-pechagin-prof-dlya-frityura-zharki-5l,769,
244489,"Масло оливковое De Cecco Classico Extra Virgen, 750мл",/products/750ml-maslo-olivkovoe-de-cecco-klassiko-ev-stbut,1 309,1 659
210068,"Масло оливковое De Cecco рафинированное, 1л",/products/olivkovoe-de-cecco-1-l-210068,1 539,1 969
217202,"Масло оливковое Monini Extra Virgin с трюфелем, 250мл",/products/olivkovoe-monini-extra-virgin-s-tryufelem-250-ml-217202,724,949
92937,"Масло подсолнечное Олейна рафинированное, 5л",/products/podcolnechnoe-olejna-5-l,725,769
234858,"Масло оливковое Конди рафинированное, 5л",/products/maslo-olivkovoe-kondi-rafinirovannoe-5l,3 799,4 399
550331,"Масло подсолнечное Слобода рафинированное дезодорированное, 2.7л",/products/podsolnechnoe-sloboda-rafinirovannoe-27l,419,
603252,"Масло оливковое Filippo Berio Extra Virgin, 2л",/products/olivkovoe-filippo-berio-extra-virgin-2l,2 919,3 949
134655,"METRO Chef Оливковое масло Extra Virgin, 1л",/products/1l-olivkovoe-maslo-metro-chef-extra-virgin,1 609,1 719
348863,"Масло оливковое Monini Extra Virgin, 500мл",/products/olivkovoe-monini-extra-virgin-05-l,1 144,1 229
327476,"Масло подсолнечное Ideal рафинированное дезодорированное, 1л",/products/podsolnechnoe-ideal-1-l,149,174
379189,"Масло оливковое Borges Extra Virgin, 500мл",/products/olivkovoe-borges-extra-virgin-original-05-l,1 285,1 339
76619,Масло из виноградной косточки Monini 500мл,/products/iz-vinogradoj-kostochki-monini-500-ml-76619,659,969
135596,"Масло оливковое Terra Delyssa Extra Virgin, 1л",/products/1l-olivkovoe-maslo-terra-delyssa-extra-virgin,1 579,1 839
376253,"Масло оливковое Monini Extra Virgin, 3л",/products/olivkovoe-monini-extra-virgin-3l,4 999.01,5 759
104859,"Масло оливковое Monini Anfora фильтрованное, 2л",/products/olivkovoe-monini-filtrovannoe-2-l-104859,3 099,3 869
584938,"Масло подсолнечное Слобода с добавлением оливкового, 1л",/products/podsolnechnoe-sloboda-s-dobavleniem-olivkovogo-1-l,154,173
59486,"Масло оливковое La Espanola Pomace, 1л",/products/olivkovoe-la-espanola-59486,789,879
55429,"Масло оливковое Filippo Berio нерафинированное, 1л",/products/olivkovoe-filippo-berio-nerafinirovannoe-1-l-55429,1 835,2 189
234857,"Масло оливковое La Espanola рафинированное, 5л",/products/maslo-olivkovoe-la-espanola-rafinirovannoe-5l,3 819,4 459
537991,"Масло оливковое Minerva Extra Virgin, 750мл",/products/olivkovoe-minerva-extra-virgin-750ml,2 064,2 569
238318,"Масло оливковое Pietro Coricelli Extra Virgin, 1л",/products/1l-maslo-olivkovoe-pietro-coricelli-extra-virgin-stbut,1 289,1 539
336737,Масло кунжутное Kotanyi 500мл,/products/kotanyi-kunzhutnoe-500-ml,1 285,1 619
222677,"Масло Efko Food Professional для фритюра рафинированное, 5л",/products/5l-maslo-efko-food-professional-dfrityura-rafinirovannoe,769,
238317,"Масло оливковое Pietro Coricelli Pomace, 500мл",/products/500ml-maslo-olivkovoe-pietro-coricelli-pomace-stbut,529,739
348862,"Масло оливковое Monini фильтрованное, 500мл",/products/olivkovoe-monini-filtrovannoe-500ml,1 029,1 119
207290,"Масло Filippo Berio оливковое рафинированное, 5л",/products/5l-maslo-olivkovoe-filippo-berio-rafinirovannoe,6 754,7 699
248806,"Масло оливковое Mikele нерафинированное, 4.5л",/products/45l-maslo-olivkovoe-mikele-nerafinirovannoe-pet,4 859,5 799
225082,"Масло оливковое Filippo Berio Extra Virgin нерафинированное, 250мл",/products/250ml-maslo-olivkovoe-filippo-berio-nerafinir-ev,445.01,589
551939,"Масло оливковое Costa d'Oro Extra Virgin, 1л",/products/olivkovoe-costa-doro-extra-virgin-1l,1 669,1 999
433365,"Масло подсолнечное Затея рафинированное дезодорированное, 1л",/products/podsolnechnoe-zateya-rafinirovannoe-1l,144,149
370072,"Масло оливковое Borges 100%, 500мл",/products/olivkovoe-borges-classic-100-05-l,1 199,1 419
458968,"Масло оливковое Filippo Berio Extra Virgin, 500мл",/products/olivkovoe-filippo-berio-extra-virgin-500g,829,1 129
244976,"Масло подсолнечное Олейна с добавлением оливкового, 1л",/products/1l-maslo-podsolnechnoe-oleyna-s-dobavleniem-olivkogo,159,191
458970,"Масло оливковое Filippo Berio рафинированное c добавлением нерафинированного, 500мл",/products/olivkovoe-filippo-berio-500ml,779,999
123976,"Масло оливковое Filippo Berio Mild&Light рафинированное, 1л",/products/1l-oliv-raf-filippo-berio-mild-light,1 615,1 799
333771,"Масло оливковое Monini спрей Extra Virgin, 200мл",/products/olivkovoe-sprej-monini-extra-virgin-200-ml,599.01,809
439195,Масло фритюрное Sunny Gold 10л,/products/dlya-frityura-sunny-gold-10-l,2 089,
500587,"Масло оливковое Costa d'Oro Il Grezzo нефильтрованное, 500мл",/products/olivkovoe-costa-doro-il-grezzo-nefiltrovannoe-05-l,1 174,1 459
112760,"Масло оливковое Costa d'Oro Extra Vergine Delicato, 1л",/products/1l-maslo-costa-d-039oro-olivkovoe-ev-delik,1 839,2 229
225083,"Масло оливковое Filippo Berio Extra Virgin нерафинированное, 750мл",/products/750ml-maslo-olivkovoe-filippo-berio-nerafinir-ev,1 179,1 689
106184,"Масло оливковое Monini Mini Bio, 500мл",/products/olivkovoe-monini-mini-bio-500ml,1 309,1 549
334305,"aro Масло оливковое Pomace из выжимок, 5л",/products/olivkovoe-iz-vyzhimok-aro-5l,3 649,
250327,"Масло подсолнечное Я люблю готовить рафинированное дезодорированное, 1л",/products/maslo-podsolnechnoe-ya-lyublyu-gotovit-rafinirovannoe-dezodorirovannoe-1l,124,134
217199,"Масло оливковое Monini Extra Virgin с базиликом, 250мл",/products/olivkovoe-monini-extra-virgin-s-bazilikom-250-ml-217199,769,849
127270,"METRO Chef Масло оливковое с трюфелем, 250мл",/products/metro-chef-olivkovoe-s-tryufelem-250ml,529,649
223252,"Масло Ideal Pro F1 подсолнечное для жарения во фритюре, 5л",/products/5l-maslo-podsolnech-ideal-pro-f1-dzhareniya-vo-frityure,759,919
127269,"METRO Chef Масло оливковое с базиликом, 250мл",/products/metro-chef-olivkovoe-s-bazilikom-250ml,529,589
200709,"Масло Olive Roots оливковое DOP Sitia Crete Extra Virgin, 500мл",/products/500ml-maslo-olivkovoe-olive-roots-dop-sitia-crete-ev,1 229,1 549
200710,"Масло Olive Roots оливковое PGI Hania Crete Extra Virgin, 500мл",/products/500ml-maslo-olivkovoe-olive-roots-pgi-hania-crete-ev,1 189,1 509
257834,"Масло-спрей авокадо Altaria нерафинированное, 250мл",/products/250ml-maslo-avokado-altaria-nerafinirovannoe-sprey,1 029,
663673,"Масло оливковое La Espanola Extra Virgin, 500мл",/products/olivkovoe-la-espanola-extra-virgin-05-l-663673,859,919
200704,"Масло Olive Roots оливковое DOP Kalamata Extra Virgin, 500мл",/products/500ml-maslo-olivkovoe-olive-roots-dop-kalamata-ev-st,1 189,1 509
537990,"Масло оливковое Minerva Kalamata Greek Extra Virgin, 750мл",/products/olivkovoe-minerva-kalamata-750ml,2 165,2 699
376031,"Масло оливковое Monini Extra Virgin песто, 250мл",/products/olivkovoe-monini-extra-virgin-pesto-250-ml,719,829
250321,"Масло оливковое Borges Extra Virgin Original, 1л",/products/olivkovoe-borges-extra-virgin-original-1l-250321,2 374,2 749
250328,"Масло подсолнечное Я люблю готовить высокоолеиновое, 800мл",/products/maslo-podsolnechnoe-ya-lyublyu-gotovit-vysokooleinovoe-800ml,119,143
200669,"Масло подсолнечное Распак рафинированное дезодорированное 20шт x 10мл, 200мл",/products/20shth10g-maslo-podsolnechnoe-suchef-rafinir-dezodor,121,
22899,"Масло подсолнечное Олейна рафинированное, 5л x 3 шт",/products/podcolnechnoe-olejna-5-l-22899,2 307,
211865,"Масло Слобода подсолнечное для жарки и фритюра рафинированное, 1л",/products/1l-maslo-podsolnechnoe-sloboda-dzharki-i-frityura-raf,153,
551936,"Масло оливковое Costa d'Oro Extra, 500мл",/products/olivkovoe-costa-doro-extra-05-l,849,1 109
239334,"Масло кукурузное Затея рафинированное дезодорированное, 1л",/products/1l-maslo-kukuruznoe-zateya-rafinir-dezodorir-pet,249,
65070,Масло оливковое La Espanola 1л,/products/olivkovoe-la-espanola-zh-b-1l-65070,1 619,1 969
231818,"Масло оливковое Urzante рафинированное, 1л",/products/maslo-olivkovoe-urzante-rafinirovannoe-1l,1 609,2 039
255264,"Масло оливковое Monini чеснок-перец чили, 250мл",/products/250ml-maslo-olivkovoe-monini-chesnokperets-chili,809,915.75
135597,Масло оливковое Terra Delyssa 1л,/products/1l-olivkovoe-maslo-terra-delyssa,1 579,1 929
65069,"Масло оливковое La Espanola Extra Virgin, 1л",/products/olivkovoe-la-espanola-extra-virgin-zh-b-1l-65069,1 719,2 079
236365,"Спрей для жарки и выпекания Kotanyi Gourmet, 500мл",/products/sprey-dlya-zharki-i-vypekaniya-kotanyi-500ml,1 079,
663674,"Масло оливковое La Espanola Extra Virgin, 1л",/products/olivkovoe-la-espanola-extra-virgin-1l,1 499,1 749
127273,"METRO Chef Масло оливковое с чесноком, 250мл",/products/metro-chef-olivkovoe-s-chesnokom-250ml,549,589
231816,"Масло оливковое Urzante Extra Urzante Virgin, 1л",/products/maslo-olivkovoe-urzante-extra-urzante-virgin-1l,1 779,1 959
111352,"Масло оливковое La Espanola Extra Virgin, 1л",/products/la-espanola-olivkovoe-maslo-extra-virgin-plastik-1l,1 319,1 669
663676,Масло оливковое La Espanola 1л,/products/olivkovoe-la-espanola-1l,1 495,1 619
332906,Масло из виноградной косточки Monini 1л,/products/monini-iz-vinogradnoj-kostochki-1l,1 599,
439182,"Жир фритюрный Vegafry кулинарный, 7.5л",/products/zhir-frityurnyj-kulinarnyj-vegafraj-75l,1 539,
565252,"Масло оливковое Borges Fruity Extra Virgin, 500мл",/products/olivkovoe-fruity-extra-virgin-borges-500ml,1 229,1 459
257837,"Масло-спрей тыквенное Altaria нерафинированное, 250мл",/products/250ml-maslo-tykvennoe-altaria-nerafinirovannoe-sprey,689,
111350,"Масло виноградное Costa d'Oro рафинированное, 500мл",/products/costa-d-039oro-maslo-vinogradnoe-rafinirovannoe-500-ml,729,
257833,"Масло-спрей кунжутное Altaria нерафинированное, 250мл",/products/250ml-maslo-kunzhutnoe-altaria-nerafinirovannoe-sprey,599.01,
551937,Масло оливковое Costa d'Oro 500мл,/products/olivkovoe-costa-doro-05-l,875,1 049
256531,"Масло черного тмина Dial-export нерафинированное, 250мл",/products/250ml-maslo-chernogo-tmina-dial-export-nerafinirovannoe,979,1 299
255265,"Масло оливковое Monini розмарин, 250мл",/products/250ml-maslo-olivkovoe-monini-rozmarin,809,915.75
217201,"Масло оливковое Monini Extra Virgin с лимоном, 250мл",/products/olivkovoe-monini-extra-virgin-s-limonom-250-ml-217201,665.01,849
256528,"Масло грецкого ореха Dial-export нерафинированное, 250мл",/products/250ml-maslo-gretskogo-oreha-dial-export-nerafinirovannoe,439,549
231202,"Масло подсолнечное Ideal PRO U1 универсальное рафинированное, 5л",/products/maslo-podsolnechnoe-ideal-pto-u1-universalnoe-rafinirovannoe-5l,744,879
256532,"Масло расторопши Dial-export нерафинированное, 250мл",/products/250ml-maslo-rastoropshi-dial-export-nerafinirovannoe,309,389
255261,"Масло рапсовое Ibero с добавлением оливкового, 500мл",/products/500ml-maslo-rapsovoe-ibero-s-dobavleniem-olivkovogo,369,659
257836,"Масло-спрей кокосовое Altaria нерафинированное, 250мл",/products/250ml-maslo-kokosovoe-altaria-nerafinirovannoe-sprey,559,
257832,"Масло-спрей льняное Altaria нерафинированное, 250мл",/products/250ml-maslo-lnyanoe-altaria-nerafinirovannoe-sprey,289,
336736,Масло тыквенное Kotanyi 500г,/products/tykvennoe-kotanyi-500-g,2 024,2 539
537992,"Масло оливковое Minerva Classic, 750мл",/products/olivkovoe-minerva-mild-750ml,1 799,2 279
238315,"Масло оливковое Pietro Coricelli Extra Virgin, 500мл",/products/500ml-maslo-olivkovoe-pietro-coricelli-extra-virgin,784,919
396586,"Масло подсолнечное Олейна рафинированное, 1л x 15 шт",/products/podsolnechnoe-olejna-1l,2 085,
655372,"METRO Chef Масло оливковое Extra Virgin, 5л",/products/olivkovoe-metro-chef-extra-virgin-5-l,6 349,7 399
590924,"Масло Monini из виноградных косточек, 2л",/products/olivkovoe-monini-vinogradnaya-kostochka-2-l,3 289,
244526,"Масло оливковое Filippo Berio Extra Virgin нерафинированное, 5л",/products/5l-maslo-olivkovoe-filippo-berio-nerafinirovannoe-ev,7 999,
551938,Масло оливковое Costa d'Oro 1л,/products/olivkovoe-costa-doro-1l,1 545.01,1 869
255263,"Масло рапсовое Ibero с добавлением оливкового, 2л",/products/2l-maslo-rapsovoe-ibero-s-dobavleniem-olivkovogo,1 069,1 699
268808,"Масло оливковое Filippo Berio Organic нерафинированное, 500мл",/products/500ml-maslo-olivkovoe-filippo-berio-organic-neraf,879,1 249
256529,"Масло арахисовое Dial-export нерафинированное, 250мл",/products/250ml-maslo-arahisovoe-dial-export-nerafinirovannoe,399,459
495142,"Масло подсолнечное Слобода рафинированное дезодорированное, 1л",/products/podsolnechnoe-sloboda-rafinirovannoe-1l,153,
218485,"METRO Chef подсолнечное фритюрное, 5л",/products/5l-maslo-podsolnechnoe-metro-chef-frityurnoe,729,
211864,"Масло Altero подсолнечное с маслом миндаля рафинированное, 810мл",/products/810ml-maslo-podsolnechnoe-altero-s-maslom-mindalya-raf,172,
